"competenciamov";"saldomovimentacao";"pais";"continente";"uf";"municipio";"cbo2002ocupacao";"subclasse";"secao";"categoria";"sexo";"nivel_instrucao";"salario";"faixa_etaria";"racacor";"faixa_horas_contrat";"indtrabparcial";"indtrabintermitente";"tipomovimentacao";"unidadesalariocodigo";"valorsalariofixo";"status_migratorio"
"202001";"1";"BOLÍVIA";"AMÉRICA DO SUL";"11";"110010";"513505";"5611201";"I";"101";"3";"04";"1128";"05";"6";"06";"0";"0";"20";"";"";"Permanente"
"202001";"1";"VENEZUELA";"AMÉRICA DO SUL";"13";"130260";"414110";"4637199";"G";"101";"1";"04";"112500";"03";"3";"07";"0";"0";"20";"";"";"Temporário"
"202001";"-1";"VENEZUELA";"AMÉRICA DO SUL";"13";"130260";"521115";"4712100";"G";"101";"1";"04";"1128.15";"04";"3";"05";"0";"0";"43";"";"";"Sem informação"
"202001";"1";"VENEZUELA";"AMÉRICA DO SUL";"29";"292740";"354125";"4781400";"G";"111";"3";"04";"1139.6";"03";"6";"01";"0";"1";"20";"";"";"Temporário"
"202001";"1";"HAITI";"AMÉRICA CENTRAL E CARIBE";"35";"351640";"717020";"4120400";"F";"101";"1";"04";"1513.92";"04";"6";"06";"0";"0";"20";"";"";"Permanente"
"202001";"1";"HAITI";"AMÉRICA CENTRAL E CARIBE";"35";"355030";"621005";"151201";"A";"101";"1";"04";"1111";"04";"2";"06";"0";"0";"20";"";"";"Refugiado/solicitante de refúgio"
"202002";"-1";"NATURALIDADE BRASILEIRA";"NATURALIDADE BRASILEIRA";"35";"355030";"413225";"6499999";"K";"101";"3";"04";"3253.8";"07";"1";"04";"0";"0";"40";"5";"3253.8";"Sem informação"
"202002";"-1";"NATURALIDADE BRASILEIRA";"NATURALIDADE BRASILEIRA";"35";"355030";"413225";"6499999";"K";"101";"1";"07";"8791.57";"06";"1";"05";"0";"0";"40";"5";"8791.57";"Sem informação"
"202002";"1";"CUBA";"AMÉRICA CENTRAL E CARIBE";"41";"410690";"514320";"5620102";"I";"101";"3";"04";"850";"04";"1";"05";"0";"0";"10";"";"";"Sem informação"
"202003";"1";"SÍRIA";"ÁSIA";"35";"355030";"234664";"8512100";"P";"101";"3";"06";"2000";"04";"1";"06";"0";"0";"20";"";"";"Sem informação"
"202003";"1";"HAITI";"AMÉRICA CENTRAL E CARIBE";"43";"431490";"514320";"5611203";"I";"101";"3";"04";"1239.46";"03";"6";"06";"0";"0";"20";"";"";"Permanente"
"202003";"-1";"HAITI";"AMÉRICA CENTRAL E CARIBE";"52";"520110";"715210";"4120400";"F";"101";"1";"03";"1559.26";"04";"2";"06";"0";"0";"43";"";"";"Permanente"
"202004";"-1";"BOLÍVIA";"AMÉRICA DO SUL";"11";"110010";"513505";"5611201";"I";"101";"3";"04";"1128";"05";"6";"06";"0";"0";"31";"";"";"Permanente"
"202004";"-1";"HAITI";"AMÉRICA CENTRAL E CARIBE";"52";"520110";"717020";"4120400";"F";"101";"1";"04";"1045";"02";"3";"06";"0";"0";"40";"";"";"Sem informação"
"202005";"-1";"ROMÊNIA";"EUROPA";"15";"150080";"234520";"8599699";"P";"101";"3";"07";"3402";"06";"1";"06";"0";"0";"31";"5";"3402";"Permanente"
"202006";"1";"HAITI";"AMÉRICA CENTRAL E CARIBE";"35";"351640";"717020";"4120400";"F";"101";"3";"04";"1513.92";"04";"6";"06";"0";"0";"20";"";"";"Permanente"
"202006";"1";"HAITI";"AMÉRICA CENTRAL E CARIBE";"35";"351640";"717020";"4120400";"F";"101";"1";"04";"1513.92";"03";"6";"06";"0";"0";"20";"";"";"Sem informação"
"202006";"1";"HAITI";"AMÉRICA CENTRAL E CARIBE";"35";"351640";"717020";"4120400";"F";"101";"1";"04";"1513.92";"04";"6";"06";"0";"0";"20";"";"";"Refugiado/solicitante de refúgio"
"202006";"1";"HAITI";"AMÉRICA CENTRAL E CARIBE";"35";"351640";"717020";"4120400";"F";"101";"1";"04";"1513.92";"03";"6";"06";"0";"0";"20";"";"";"Sem informação"
"202006";"-1";"HAITI";"AMÉRICA CENTRAL E CARIBE";"35";"354870";"783225";"1742701";"C";"101";"1";"04";"1400";"04";"1";"06";"0";"0";"31";"5";"1400";"Refugiado/solicitante de refúgio"
"202006";"1";"BOLÍVIA";"AMÉRICA DO SUL";"35";"355030";"717020";"7112000";"M";"111";"1";"04";"1552";"05";"3";"06";"0";"1";"20";"";"";"Sem informação"
"202007";"-1";"HAITI";"AMÉRICA CENTRAL E CARIBE";"52";"520110";"717020";"4120400";"F";"101";"1";"03";"1045";"03";"2";"06";"0";"0";"40";"";"";"Sem informação"
"202008";"-1";"VENEZUELA";"AMÉRICA DO SUL";"13";"130260";"517410";"7020400";"M";"101";"1";"04";"1200";"05";"3";"06";"0";"0";"31";"";"";"Permanente"
"202008";"1";"COSTA DO MARFIM";"ÁFRICA";"33";"330455";"377110";"9312300";"R";"105";"1";"04";"366761.23";"04";"3";"04";"0";"0";"10";"";"";"Sem informação"
"202009";"1";"HAITI";"AMÉRICA CENTRAL E CARIBE";"35";"355030";"715210";"4120400";"F";"101";"1";"02";"1886.98";"04";"2";"06";"0";"0";"20";"";"";"Permanente"
"202009";"1";"PARAGUAI";"AMÉRICA DO SUL";"35";"355030";"763210";"1412601";"C";"101";"1";"04";"1508.02";"04";"3";"06";"0";"0";"20";"5";"1508.02";"Permanente"
"202009";"-1";"SENEGAL";"ÁFRICA";"43";"430165";"784205";"1623400";"C";"101";"1";"04";"1510";"03";"6";"06";"0";"0";"31";"";"";"Refugiado/solicitante de refúgio"
"202010";"1";"VENEZUELA";"AMÉRICA DO SUL";"13";"130260";"783215";"5212500";"H";"101";"1";"02";"1045";"04";"2";"06";"0";"0";"20";"5";"1045";"Temporário"
"202010";"1";"VENEZUELA";"AMÉRICA DO SUL";"33";"330455";"514320";"8121400";"N";"101";"1";"01";"1239";"02";"3";"06";"0";"0";"20";"";"";"Refugiado/solicitante de refúgio"
"202010";"1";"PARAGUAI";"AMÉRICA DO SUL";"35";"355030";"765310";"9529105";"S";"101";"1";"04";"1600";"04";"6";"06";"0";"0";"20";"";"";"Sem informação"
"202011";"1";"NATURALIDADE BRASILEIRA";"NATURALIDADE BRASILEIRA";"23";"230440";"142105";"4781400";"G";"101";"1";"04";"1045";"04";"2";"06";"0";"0";"20";"";"";"Sem informação"
"202011";"-1";"HAITI";"AMÉRICA CENTRAL E CARIBE";"35";"351640";"715505";"4120400";"F";"101";"1";"01";"1841.67";"04";"3";"06";"0";"0";"31";"";"";"Permanente"
"202011";"-1";"HAITI";"AMÉRICA CENTRAL E CARIBE";"35";"355030";"784205";"3811400";"E";"101";"1";"04";"1497.15";"05";"2";"06";"0";"0";"32";"5";"1497.15";"Permanente"
"202012";"-1";"BOLÍVIA";"AMÉRICA DO SUL";"35";"351440";"234505";"8531700";"P";"101";"1";"07";"11902";"04";"1";"05";"0";"0";"43";"1";"59.51";"Sem informação"
"202012";"-1";"HAITI";"AMÉRICA CENTRAL E CARIBE";"35";"351640";"717020";"4120400";"F";"101";"3";"04";"1513.92";"04";"6";"06";"0";"0";"31";"";"";"Permanente"
"202012";"-1";"HAITI";"AMÉRICA CENTRAL E CARIBE";"35";"351640";"717020";"4120400";"F";"101";"1";"04";"1513.92";"04";"6";"06";"0";"0";"31";"";"";"Refugiado/solicitante de refúgio"
"202012";"-1";"HAITI";"AMÉRICA CENTRAL E CARIBE";"35";"351640";"717020";"4120400";"F";"101";"1";"01";"1513.92";"04";"2";"06";"0";"0";"31";"";"";"Permanente"
"202012";"-1";"HAITI";"AMÉRICA CENTRAL E CARIBE";"35";"351640";"717020";"4120400";"F";"101";"1";"03";"1513.92";"03";"2";"06";"0";"0";"31";"";"";"Sem informação"
"202012";"-1";"HAITI";"AMÉRICA CENTRAL E CARIBE";"35";"351640";"717020";"4120400";"F";"101";"1";"04";"1513.92";"04";"6";"06";"0";"0";"31";"";"";"Sem informação"
"202012";"1";"PARAGUAI";"AMÉRICA DO SUL";"41";"410830";"521110";"1091102";"C";"101";"3";"04";"1381";"02";"1";"06";"0";"0";"20";"";"";"Sem informação"
"202012";"-1";"HAITI";"AMÉRICA CENTRAL E CARIBE";"52";"520110";"717020";"4120400";"F";"101";"1";"04";"1045";"04";"2";"06";"0";"0";"31";"";"";"Sem informação"
"202101";"-1";"VENEZUELA";"AMÉRICA DO SUL";"13";"130260";"513405";"5611203";"I";"101";"1";"04";"1189.86";"04";"3";"05";"0";"0";"40";"5";"1189.86";"Permanente"
"202101";"-1";"PARAGUAI";"AMÉRICA DO SUL";"41";"410830";"521110";"1091102";"C";"101";"3";"04";"1381";"02";"1";"06";"0";"0";"40";"";"";"Sem informação"
"202101";"1";"URUGUAI";"AMÉRICA DO SUL";"42";"420200";"142320";"4781400";"G";"101";"3";"05";"1720";"02";"1";"06";"0";"0";"97";"";"";"Sem informação"
"202101";"-1";"SENEGAL";"ÁFRICA";"43";"431490";"513435";"5611201";"I";"101";"1";"04";"1265.63";"03";"6";"06";"0";"0";"32";"";"";"Refugiado/solicitante de refúgio"
"202101";"-1";"HAITI";"AMÉRICA CENTRAL E CARIBE";"51";"510760";"717020";"4120400";"F";"101";"1";"01";"1215.52";"04";"2";"06";"0";"0";"31";"5";"1215.52";"Temporário"
"202101";"-1";"VENEZUELA";"AMÉRICA DO SUL";"52";"520110";"715210";"4120400";"F";"101";"1";"02";"1064.35";"04";"6";"06";"0";"0";"31";"";"";"Temporário"
"202101";"-1";"HAITI";"AMÉRICA CENTRAL E CARIBE";"52";"520110";"715210";"4120400";"F";"101";"1";"04";"1064.35";"06";"3";"06";"0";"0";"31";"";"";"Sem informação"
"202102";"-1";"VENEZUELA";"AMÉRICA DO SUL";"13";"130260";"513505";"5611203";"I";"101";"3";"04";"1187";"04";"3";"05";"0";"0";"31";"5";"1187";"Sem informação"
"202102";"1";"ESTADOS UNIDOS";"AMÉRICA DO NORTE";"32";"320230";"261305";"8411600";"O";"101";"1";"04";"";"04";"6";"06";"9";"0";"97";"99";"";"Sem informação"
"202102";"1";"BOLÍVIA";"AMÉRICA DO SUL";"35";"355030";"760310";"1412601";"C";"101";"1";"04";"2029.22";"04";"4";"06";"0";"0";"20";"";"";"Permanente"
"202102";"1";"BOLÍVIA";"AMÉRICA DO SUL";"35";"355030";"763210";"1412601";"C";"101";"1";"06";"1552.4";"03";"4";"06";"0";"0";"20";"";"";"Sem informação"
"202102";"-1";"PARAGUAI";"AMÉRICA DO SUL";"41";"410690";"521105";"4691500";"G";"101";"1";"04";"1420";"03";"1";"06";"0";"0";"32";"5";"1420";"Sem informação"
"202102";"1";"GUINÉ BISSAU";"ÁFRICA";"42";"420540";"513205";"5611201";"I";"101";"1";"04";"2400";"04";"6";"06";"0";"0";"20";"5";"2400";"Sem informação"
"202102";"1";"VENEZUELA";"AMÉRICA DO SUL";"51";"510340";"514320";"8211300";"N";"101";"3";"04";"1100";"05";"3";"06";"0";"0";"20";"";"";"Refugiado/solicitante de refúgio"
"202103";"-1";"VENEZUELA";"AMÉRICA DO SUL";"14";"140010";"412205";"4322301";"F";"101";"1";"03";"1100";"06";"3";"06";"0";"0";"40";"5";"1100";"Temporário"
"202103";"-1";"ANGOLA";"ÁFRICA";"33";"330455";"514205";"4930201";"H";"101";"1";"03";"1249.36";"05";"2";"04";"0";"0";"31";"";"";"Refugiado/solicitante de refúgio"
"202103";"1";"NATURALIDADE BRASILEIRA";"NATURALIDADE BRASILEIRA";"42";"420910";"513505";"5620104";"I";"101";"3";"04";"1400";"03";"6";"06";"0";"0";"20";"5";"1400";"Sem informação"
"202104";"-1";"NATURALIDADE BRASILEIRA";"NATURALIDADE BRASILEIRA";"35";"353060";"241040";"7020400";"M";"101";"3";"06";"1500";"03";"6";"06";"0";"0";"31";"";"";"Sem informação"
"202104";"1";"HAITI";"AMÉRICA CENTRAL E CARIBE";"42";"420910";"354125";"7911200";"N";"101";"1";"04";"7.2";"03";"6";"06";"0";"0";"97";"";"";"Permanente"
"202104";"-1";"HAITI";"AMÉRICA CENTRAL E CARIBE";"51";"510760";"717020";"2330301";"C";"101";"1";"03";"1191.1";"06";"2";"06";"0";"0";"31";"";"";"Permanente"
"202104";"-1";"HAITI";"AMÉRICA CENTRAL E CARIBE";"51";"510792";"717020";"4120400";"F";"101";"1";"04";"1217";"05";"6";"06";"0";"0";"40";"5";"1217";"Permanente"
"202105";"1";"VENEZUELA";"AMÉRICA DO SUL";"13";"130260";"782130";"2513600";"C";"101";"1";"03";"1493.09";"04";"3";"06";"0";"0";"97";"";"";"Sem informação"
"202105";"-1";"VENEZUELA";"AMÉRICA DO SUL";"13";"130260";"783215";"5212500";"H";"101";"1";"04";"1100";"04";"3";"06";"0";"0";"40";"5";"1100";"Temporário"
"202105";"1";"BOLÍVIA";"AMÉRICA DO SUL";"35";"355030";"521110";"4642701";"G";"101";"1";"03";"1800";"03";"3";"06";"0";"0";"20";"5";"1800";"Permanente"
"202105";"-1";"NATURALIDADE BRASILEIRA";"NATURALIDADE BRASILEIRA";"35";"355220";"623110";"151201";"A";"101";"1";"02";"1100";"04";"3";"06";"0";"0";"40";"";"";"Sem informação"
"202105";"-1";"VENEZUELA";"AMÉRICA DO SUL";"35";"355710";"818110";"7111100";"M";"101";"1";"02";"1440.87";"04";"3";"06";"0";"0";"31";"";"";"Sem informação"
"202105";"-1";"VENEZUELA";"AMÉRICA DO SUL";"42";"421660";"715210";"4120400";"F";"101";"1";"04";"1850";"05";"6";"06";"0";"0";"31";"";"";"Refugiado/solicitante de refúgio"
"202106";"1";"AFEGANISTÃO";"ÁSIA";"13";"130260";"521125";"4721103";"G";"101";"1";"04";"1100";"02";"3";"06";"0";"0";"97";"";"";"Sem informação"
"202106";"1";"VENEZUELA";"AMÉRICA DO SUL";"13";"130260";"521110";"4781400";"G";"101";"3";"04";"1100";"04";"6";"06";"0";"0";"97";"";"";"Sem informação"
"202106";"-1";"VENEZUELA";"AMÉRICA DO SUL";"13";"130260";"516345";"9601701";"S";"101";"3";"04";"1050";"03";"3";"06";"0";"0";"40";"5";"1050";"Sem informação"
"202106";"-1";"COLÔMBIA";"AMÉRICA DO SUL";"26";"261160";"377110";"9312300";"R";"101";"1";"06";"50000";"03";"6";"06";"0";"0";"90";"5";"50000";"Sem informação"
"202106";"-1";"HAITI";"AMÉRICA CENTRAL E CARIBE";"33";"330455";"783210";"7820500";"N";"111";"1";"04";"27.25";"03";"3";"01";"0";"1";"31";"";"";"Sem informação"
"202106";"-1";"HAITI";"AMÉRICA CENTRAL E CARIBE";"35";"351880";"723205";"4687702";"G";"101";"1";"04";"1452";"04";"2";"06";"0";"0";"31";"5";"1452";"Refugiado/solicitante de refúgio"
"202106";"-1";"NATURALIDADE BRASILEIRA";"NATURALIDADE BRASILEIRA";"41";"410690";"516110";"9602502";"S";"101";"1";"04";"1539.85";"05";"6";"06";"0";"0";"31";"";"";"Refugiado/solicitante de refúgio"
"202106";"1";"HAITI";"AMÉRICA CENTRAL E CARIBE";"41";"410690";"516210";"8711502";"Q";"101";"1";"04";"1585";"04";"6";"06";"0";"0";"97";"5";"1585";"Permanente"
"202106";"1";"VENEZUELA";"AMÉRICA DO SUL";"43";"430310";"521140";"4712100";"G";"101";"1";"04";"1304";"02";"1";"06";"0";"0";"97";"";"";"Temporário"
"202106";"1";"ALBÂNIA";"EUROPA";"43";"431690";"239405";"8511200";"P";"101";"3";"04";"1553.8";"02";"6";"04";"0";"0";"97";"";"";"Sem informação"
"202106";"-1";"VENEZUELA";"AMÉRICA DO SUL";"52";"520110";"717020";"4120400";"F";"101";"1";"02";"1100";"05";"3";"06";"0";"0";"40";"";"";"Refugiado/solicitante de refúgio"
"202106";"1";"AFEGANISTÃO";"ÁSIA";"52";"520110";"411010";"6911701";"M";"101";"3";"04";"1100";"04";"6";"06";"0";"0";"97";"";"";"Sem informação"
"202107";"1";"VENEZUELA";"AMÉRICA DO SUL";"11";"110020";"715305";"4391600";"F";"101";"1";"01";"1586";"05";"3";"06";"0";"0";"97";"";"";"Refugiado/solicitante de refúgio"
"202107";"-1";"HAITI";"AMÉRICA CENTRAL E CARIBE";"33";"330455";"783210";"7820500";"N";"111";"1";"04";"27.75";"04";"2";"01";"0";"1";"31";"";"";"Refugiado/solicitante de refúgio"
"202107";"1";"NATURALIDADE BRASILEIRA";"NATURALIDADE BRASILEIRA";"33";"330630";"111415";"8513900";"P";"101";"3";"06";"2000";"05";"1";"06";"0";"0";"97";"5";"2000";"Sem informação"
"202107";"-1";"HAITI";"AMÉRICA CENTRAL E CARIBE";"35";"352400";"391115";"8111700";"N";"101";"1";"01";"1452.02";"04";"2";"07";"0";"0";"31";"5";"1452.02";"Sem informação"
"202107";"-1";"SUÍÇA";"EUROPA";"35";"354780";"784205";"7112000";"M";"101";"1";"04";"1330.25";"04";"1";"06";"0";"0";"40";"";"";"Permanente"
"202107";"1";"MARROCOS";"ÁFRICA";"35";"355030";"513505";"5611203";"I";"101";"3";"04";"1230";"03";"3";"06";"0";"0";"97";"";"";"Permanente"
"202107";"-1";"PARAGUAI";"AMÉRICA DO SUL";"41";"410830";"514120";"8112500";"N";"101";"1";"03";"1615.65";"02";"1";"06";"0";"0";"31";"";"";"Sem informação"
"202107";"1";"VENEZUELA";"AMÉRICA DO SUL";"43";"430310";"848315";"5611201";"I";"101";"1";"02";"1299.81";"06";"6";"06";"0";"0";"97";"";"";"Sem informação"
"202107";"-1";"VENEZUELA";"AMÉRICA DO SUL";"43";"431490";"514320";"5611201";"I";"101";"3";"04";"1265.63";"05";"6";"06";"0";"0";"31";"";"";"Sem informação"
"202108";"-1";"VENEZUELA";"AMÉRICA DO SUL";"13";"130260";"723315";"8122200";"N";"101";"1";"04";"1100";"02";"3";"06";"0";"0";"31";"";"";"Sem informação"
"202108";"-1";"VENEZUELA";"AMÉRICA DO SUL";"13";"130260";"782130";"2513600";"C";"101";"1";"03";"1493.09";"04";"3";"06";"0";"0";"31";"5";"1493.09";"Sem informação"
"202108";"1";"AFEGANISTÃO";"ÁSIA";"23";"230440";"422105";"4772500";"G";"101";"3";"04";"1123.16";"02";"6";"06";"0";"0";"97";"";"";"Sem informação"
"202108";"-1";"CHILE";"AMÉRICA DO SUL";"27";"270430";"513405";"5611201";"I";"101";"1";"04";"1100";"06";"6";"05";"0";"0";"32";"";"";"Permanente"
"202108";"-1";"HAITI";"AMÉRICA CENTRAL E CARIBE";"33";"330455";"271105";"5611203";"I";"101";"1";"04";"1500";"03";"6";"06";"0";"0";"40";"";"";"Refugiado/solicitante de refúgio"
"202108";"1";"NATURALIDADE BRASILEIRA";"NATURALIDADE BRASILEIRA";"41";"410690";"516110";"9602502";"S";"101";"3";"04";"1539.85";"05";"6";"06";"0";"0";"97";"";"";"Refugiado/solicitante de refúgio"
"202108";"-1";"HAITI";"AMÉRICA CENTRAL E CARIBE";"41";"411670";"841484";"1020101";"C";"101";"1";"01";"1410.03";"02";"3";"06";"0";"0";"32";"5";"1410.03";"Temporário"
"202108";"-1";"VENEZUELA";"AMÉRICA DO SUL";"41";"412550";"524105";"7490104";"M";"101";"1";"04";"1100";"02";"6";"06";"0";"0";"40";"5";"1100";"Sem informação"
"202108";"-1";"VENEZUELA";"AMÉRICA DO SUL";"43";"430230";"622020";"121101";"A";"101";"1";"02";"1320";"06";"3";"06";"0";"0";"40";"5";"1320";"Refugiado/solicitante de refúgio"
"202108";"-1";"VENEZUELA";"AMÉRICA DO SUL";"52";"520110";"717020";"4120400";"F";"101";"1";"04";"1100";"03";"3";"06";"0";"0";"40";"";"";"Refugiado/solicitante de refúgio"
"202108";"-1";"VENEZUELA";"AMÉRICA DO SUL";"53";"530010";"414135";"4744099";"G";"101";"1";"05";"1124.25";"03";"2";"06";"0";"0";"31";"5";"1124.25";"Refugiado/solicitante de refúgio"
"202109";"-1";"COLÔMBIA";"AMÉRICA DO SUL";"13";"130260";"421125";"4712100";"G";"101";"3";"04";"1155";"03";"3";"07";"0";"0";"60";"";"";"Permanente"
"202109";"1";"NATURALIDADE BRASILEIRA";"NATURALIDADE BRASILEIRA";"35";"351970";"251605";"8411600";"O";"105";"3";"05";"3541.18";"05";"1";"04";"1";"0";"97";"";"";"Sem informação"
"202109";"1";"VENEZUELA";"AMÉRICA DO SUL";"35";"354980";"515225";"2071100";"C";"101";"1";"04";"1672.1";"05";"6";"06";"0";"0";"97";"";"";"Sem informação"
"202109";"-1";"BOLÍVIA";"AMÉRICA DO SUL";"35";"355030";"763215";"1412601";"C";"101";"1";"04";"1632.75";"04";"3";"06";"0";"0";"31";"";"";"Sem informação"
"202109";"-1";"VENEZUELA";"AMÉRICA DO SUL";"35";"355030";"717020";"4120400";"F";"101";"1";"04";"1104.68";"04";"6";"06";"0";"0";"40";"5";"1104.68";"Temporário"
"202109";"-1";"VENEZUELA";"AMÉRICA DO SUL";"35";"355030";"717020";"4120400";"F";"101";"1";"04";"1104.68";"03";"6";"06";"0";"0";"40";"5";"1104.68";"Temporário"
"202109";"1";"PARAGUAI";"AMÉRICA DO SUL";"35";"355030";"411005";"4781400";"G";"101";"3";"04";"1500";"03";"6";"06";"0";"0";"97";"5";"1500";"Permanente"
"202109";"1";"JAPÃO";"ÁSIA";"41";"410830";"521140";"1091102";"C";"101";"3";"04";"1523.38";"02";"1";"06";"0";"0";"97";"";"";"Sem informação"
"202109";"1";"PERU";"AMÉRICA DO SUL";"42";"420540";"223505";"8660700";"Q";"101";"3";"06";"3842.66";"04";"1";"05";"0";"0";"97";"";"";"Permanente"
"202109";"-1";"HAITI";"AMÉRICA CENTRAL E CARIBE";"51";"510340";"514330";"4744005";"G";"101";"1";"04";"1170";"05";"3";"06";"0";"0";"31";"5";"1170";"Permanente"
"202109";"-1";"HAITI";"AMÉRICA CENTRAL E CARIBE";"51";"510340";"514330";"4744005";"G";"101";"1";"04";"1471.45";"04";"2";"06";"0";"0";"31";"5";"1471.45";"Permanente"
"202109";"-1";"HAITI";"AMÉRICA CENTRAL E CARIBE";"51";"510340";"514330";"4744005";"G";"101";"1";"01";"1285.93";"05";"2";"06";"0";"0";"31";"5";"1285.93";"Permanente"
"202109";"1";"IÊMEN";"ÁSIA";"53";"530010";"377110";"9312300";"R";"101";"1";"04";"1100";"02";"3";"06";"0";"0";"97";"5";"1100";"Sem informação"
"202110";"-1";"NATURALIDADE BRASILEIRA";"NATURALIDADE BRASILEIRA";"13";"130260";"251110";"4651602";"G";"101";"1";"06";"3419.52";"05";"3";"06";"0";"0";"31";"";"";"Sem informação"
"202110";"-1";"VENEZUELA";"AMÉRICA DO SUL";"14";"140010";"717020";"7112000";"M";"101";"1";"03";"2017.22";"02";"3";"06";"0";"0";"31";"";"";"Temporário"
"202110";"1";"AFEGANISTÃO";"ÁSIA";"23";"231355";"782305";"4789099";"G";"101";"1";"04";"1100";"03";"3";"06";"0";"0";"97";"";"";"Sem informação"
"202110";"-1";"VENEZUELA";"AMÉRICA DO SUL";"31";"313950";"514225";"4530703";"G";"101";"1";"02";"1100";"05";"6";"06";"0";"0";"31";"";"";"Refugiado/solicitante de refúgio"
"202110";"1";"VENEZUELA";"AMÉRICA DO SUL";"35";"354980";"515225";"2071100";"C";"101";"1";"03";"1672.1";"02";"6";"06";"0";"0";"97";"";"";"Sem informação"
"202110";"1";"CHINA";"ÁSIA";"35";"355030";"142105";"4754703";"G";"101";"3";"04";"6000";"04";"1";"06";"0";"0";"97";"";"";"Sem informação"
"202110";"-1";"LÍBANO";"ÁSIA";"35";"355030";"142105";"4722901";"G";"101";"1";"04";"6032";"07";"6";"06";"0";"0";"31";"";"";"Sem informação"
"202110";"1";"HAITI";"AMÉRICA CENTRAL E CARIBE";"35";"355030";"716610";"4330404";"F";"101";"3";"02";"1669.8";"04";"2";"06";"0";"0";"97";"5";"1669.8";"Sem informação"
"202110";"-1";"VENEZUELA";"AMÉRICA DO SUL";"41";"410690";"514320";"8111700";"N";"101";"3";"04";"1270";"03";"6";"06";"0";"0";"31";"";"";"Temporário"
"202110";"-1";"VENEZUELA";"AMÉRICA DO SUL";"41";"410840";"414110";"2740601";"C";"101";"1";"04";"1572";"06";"3";"06";"0";"0";"31";"";"";"Temporário"
"202110";"1";"ARÁBIA SAUDITA";"ÁSIA";"41";"412330";"848510";"8211300";"N";"101";"3";"04";"1561.47";"05";"6";"06";"0";"0";"97";"";"";"Sem informação"
"202110";"-1";"HAITI";"AMÉRICA CENTRAL E CARIBE";"42";"420665";"848520";"1012101";"C";"101";"1";"01";"1761.33";"03";"2";"06";"0";"0";"32";"5";"1761.33";"Permanente"
"202110";"1";"VENEZUELA";"AMÉRICA DO SUL";"42";"421050";"848520";"1012101";"C";"101";"1";"01";"1480.3";"02";"2";"06";"0";"0";"97";"";"";"Sem informação"
"202110";"1";"VENEZUELA";"AMÉRICA DO SUL";"42";"421190";"414140";"5212500";"H";"111";"3";"02";"2250";"05";"6";"05";"0";"1";"97";"2";"75";"Sem informação"
"202110";"1";"HAITI";"AMÉRICA CENTRAL E CARIBE";"43";"430310";"848315";"5611201";"I";"101";"1";"02";"1299.81";"02";"6";"06";"0";"0";"97";"";"";"Sem informação"
"202110";"1";"AFEGANISTÃO";"ÁSIA";"99";"999999";"623310";"155505";"A";"101";"1";"04";"1100";"06";"6";"06";"0";"0";"97";"";"";"Sem informação"
"202111";"1";"HAITI";"AMÉRICA CENTRAL E CARIBE";"13";"130260";"411005";"1091102";"C";"101";"3";"04";"1212";"05";"2";"06";"0";"0";"97";"";"";"Refugiado/solicitante de refúgio"
"202111";"-1";"HAITI";"AMÉRICA CENTRAL E CARIBE";"13";"130260";"517220";"4921301";"H";"101";"1";"04";"1276.63";"04";"2";"06";"0";"0";"40";"5";"1276.63";"Permanente"
"202111";"-1";"VENEZUELA";"AMÉRICA DO SUL";"14";"140010";"717020";"7112000";"M";"101";"1";"03";"1195.45";"02";"3";"06";"0";"0";"43";"";"";"Sem informação"
"202111";"-1";"VENEZUELA";"AMÉRICA DO SUL";"14";"140010";"717020";"7112000";"M";"101";"1";"03";"1195.45";"02";"3";"06";"0";"0";"43";"";"";"Sem informação"
"202111";"1";"VENEZUELA";"AMÉRICA DO SUL";"14";"140010";"632340";"4313400";"F";"101";"1";"04";"1100";"03";"6";"06";"0";"0";"97";"";"";"Sem informação"
"202111";"-1";"VENEZUELA";"AMÉRICA DO SUL";"14";"140010";"715615";"4221903";"F";"101";"1";"04";"1100";"04";"3";"05";"0";"0";"31";"";"";"Temporário"
"202111";"-1";"VENEZUELA";"AMÉRICA DO SUL";"33";"330455";"333110";"8593700";"P";"101";"1";"04";"90";"05";"6";"01";"0";"0";"31";"";"";"Refugiado/solicitante de refúgio"
"202111";"1";"HAITI";"AMÉRICA CENTRAL E CARIBE";"35";"355030";"717020";"4292802";"F";"101";"1";"04";"1980";"04";"2";"06";"0";"0";"97";"";"";"Permanente"
"202111";"-1";"CUBA";"AMÉRICA CENTRAL E CARIBE";"41";"410640";"514320";"8211300";"N";"101";"3";"04";"1184.93";"06";"6";"06";"0";"0";"31";"5";"1184.93";"Refugiado/solicitante de refúgio"
"202111";"-1";"PARAGUAI";"AMÉRICA DO SUL";"41";"410830";"715525";"4120400";"F";"101";"1";"03";"2092.2";"03";"6";"06";"0";"0";"40";"";"";"Sem informação"
"202111";"1";"VENEZUELA";"AMÉRICA DO SUL";"42";"420120";"782510";"4930202";"H";"101";"1";"05";"2148";"04";"6";"06";"0";"0";"97";"5";"2148";"Permanente"
"202111";"-1";"VENEZUELA";"AMÉRICA DO SUL";"42";"420440";"717020";"4120400";"F";"101";"1";"01";"1800";"04";"6";"06";"0";"0";"40";"";"";"Sem informação"
"202111";"-1";"VENEZUELA";"AMÉRICA DO SUL";"42";"420440";"717020";"4120400";"F";"101";"1";"04";"1800";"02";"6";"06";"0";"0";"40";"";"";"Refugiado/solicitante de refúgio"
"202111";"-1";"HAITI";"AMÉRICA CENTRAL E CARIBE";"42";"420910";"717020";"4120400";"F";"101";"1";"04";"1397";"03";"6";"06";"0";"0";"31";"1";"6.35";"Sem informação"
"202111";"1";"VENEZUELA";"AMÉRICA DO SUL";"43";"430460";"411010";"4541205";"G";"101";"1";"02";"1462";"02";"6";"06";"0";"0";"97";"";"";"Temporário"
"202111";"1";"NATURALIDADE BRASILEIRA";"NATURALIDADE BRASILEIRA";"43";"431490";"253225";"7820500";"N";"106";"3";"04";"1700";"04";"6";"06";"0";"0";"97";"";"";"Sem informação"
"202111";"-1";"NATURALIDADE BRASILEIRA";"NATURALIDADE BRASILEIRA";"43";"431710";"521110";"4772500";"G";"101";"3";"04";"1449";"03";"1";"06";"0";"0";"31";"";"";"Fronteiriço"
"202111";"1";"LÍBANO";"ÁSIA";"52";"520870";"521110";"4649402";"G";"101";"1";"04";"1100";"04";"3";"01";"0";"0";"97";"";"";"Sem informação"
"202112";"-1";"VENEZUELA";"AMÉRICA DO SUL";"11";"110020";"715305";"4391600";"F";"101";"1";"01";"1696";"05";"3";"06";"0";"0";"31";"";"";"Refugiado/solicitante de refúgio"
"202112";"-1";"NATURALIDADE BRASILEIRA";"NATURALIDADE BRASILEIRA";"13";"130260";"521125";"4721103";"G";"101";"1";"04";"1100";"02";"3";"06";"0";"0";"31";"";"";"Sem informação"
"202112";"-1";"PERU";"AMÉRICA DO SUL";"13";"130260";"724315";"4321500";"F";"101";"1";"04";"1700";"05";"6";"06";"0";"0";"31";"";"";"Permanente"
"202112";"-1";"VENEZUELA";"AMÉRICA DO SUL";"14";"140010";"717020";"7112000";"M";"101";"1";"04";"1195.45";"04";"3";"06";"0";"0";"31";"";"";"Temporário"
"202112";"-1";"VENEZUELA";"AMÉRICA DO SUL";"14";"140010";"717020";"7112000";"M";"101";"1";"03";"1195.45";"03";"3";"06";"0";"0";"43";"";"";"Sem informação"
"202112";"-1";"VENEZUELA";"AMÉRICA DO SUL";"14";"140010";"715210";"7112000";"M";"101";"1";"04";"2017.22";"05";"3";"06";"0";"0";"31";"";"";"Sem informação"
"202112";"1";"NATURALIDADE BRASILEIRA";"NATURALIDADE BRASILEIRA";"24";"240260";"377110";"9312300";"R";"101";"1";"04";"1500";"02";"2";"06";"0";"0";"97";"";"";"Sem informação"
"202112";"1";"VENEZUELA";"AMÉRICA DO SUL";"26";"260410";"782510";"4930202";"H";"101";"1";"04";"1850";"06";"6";"06";"0";"0";"97";"";"";"Sem informação"
"202112";"-1";"ARGENTINA";"AMÉRICA DO SUL";"29";"291360";"371410";"7820500";"N";"111";"3";"06";"1900.02";"04";"6";"06";"0";"1";"43";"5";"1900.02";"Permanente"
"202112";"1";"VENEZUELA";"AMÉRICA DO SUL";"31";"310620";"848310";"1091100";"C";"101";"3";"04";"1300";"03";"6";"06";"0";"0";"97";"";"";"Refugiado/solicitante de refúgio"
"202112";"1";"VENEZUELA";"AMÉRICA DO SUL";"32";"320500";"953115";"4520003";"G";"101";"1";"04";"1215";"04";"6";"06";"0";"0";"97";"";"";"Sem informação"
"202112";"-1";"NORUEGA";"EUROPA";"33";"330455";"142105";"6462000";"K";"101";"1";"06";"15759.07";"06";"1";"06";"0";"0";"31";"";"";"Temporário"
"202112";"1";"BOLÍVIA";"AMÉRICA DO SUL";"35";"355030";"411010";"6920602";"M";"101";"3";"05";"2500";"03";"3";"05";"0";"0";"97";"";"";"Permanente"
"202112";"1";"REINO UNIDO";"EUROPA";"35";"355030";"521120";"7820500";"N";"106";"3";"07";"1885.8";"05";"1";"06";"0";"0";"97";"";"";"Sem informação"
"202112";"1";"CHINA";"ÁSIA";"35";"355030";"414125";"4754703";"G";"101";"1";"04";"2000";"02";"1";"06";"0";"0";"97";"";"";"Sem informação"
"202112";"-1";"NATURALIDADE BRASILEIRA";"NATURALIDADE BRASILEIRA";"35";"355030";"521125";"7820500";"N";"106";"3";"04";"1336.5";"02";"6";"06";"0";"0";"43";"";"";"Sem informação"
"202112";"-1";"NATURALIDADE BRASILEIRA";"NATURALIDADE BRASILEIRA";"41";"410690";"141510";"5611203";"I";"101";"1";"04";"1700";"04";"1";"06";"0";"0";"40";"";"";"Permanente"
"202112";"-1";"JAPÃO";"ÁSIA";"41";"410830";"521140";"1091102";"C";"101";"1";"04";"1523.38";"02";"6";"06";"0";"0";"43";"";"";"Sem informação"
"202112";"-1";"PARAGUAI";"AMÉRICA DO SUL";"41";"410830";"715230";"4120400";"F";"101";"1";"04";"1911.8";"04";"1";"06";"0";"0";"31";"1";"8.69";"Permanente"
"202112";"-1";"VENEZUELA";"AMÉRICA DO SUL";"41";"410840";"513505";"5611201";"I";"101";"1";"04";"2162.7";"04";"1";"05";"0";"0";"40";"";"";"Temporário"
"202112";"-1";"VENEZUELA";"AMÉRICA DO SUL";"41";"412550";"521125";"4712100";"G";"101";"3";"04";"1415.02";"05";"6";"06";"0";"0";"31";"";"";"Refugiado/solicitante de refúgio"
"202112";"1";"VENEZUELA";"AMÉRICA DO SUL";"42";"420200";"318405";"4774100";"G";"101";"1";"06";"1553";"04";"1";"06";"0";"0";"97";"";"";"Refugiado/solicitante de refúgio"
"202112";"-1";"VENEZUELA";"AMÉRICA DO SUL";"42";"420320";"717020";"4110700";"F";"101";"1";"04";"1480";"02";"6";"06";"0";"0";"40";"5";"1480";"Refugiado/solicitante de refúgio"
"202112";"1";"PARAGUAI";"AMÉRICA DO SUL";"42";"420540";"513205";"5620104";"I";"101";"3";"04";"1467";"04";"1";"06";"0";"0";"97";"";"";"Permanente"
"202112";"1";"HAITI";"AMÉRICA CENTRAL E CARIBE";"42";"420820";"513505";"5620101";"I";"101";"3";"04";"1404";"03";"2";"06";"0";"0";"97";"5";"1404";"Permanente"
"202112";"1";"VENEZUELA";"AMÉRICA DO SUL";"42";"420840";"784205";"1012101";"C";"101";"1";"06";"1651.73";"04";"3";"07";"0";"0";"97";"";"";"Sem informação"
"202112";"1";"NATURALIDADE BRASILEIRA";"NATURALIDADE BRASILEIRA";"42";"421190";"422310";"8220200";"N";"101";"3";"04";"979.22";"03";"3";"05";"0";"0";"97";"";"";"Sem informação"
"202112";"-1";"VENEZUELA";"AMÉRICA DO SUL";"42";"421290";"514320";"4221902";"F";"101";"3";"01";"1239.93";"02";"1";"06";"0";"0";"43";"";"";"Sem informação"
"202112";"1";"HAITI";"AMÉRICA CENTRAL E CARIBE";"43";"430440";"513205";"8230001";"N";"106";"3";"04";"3510";"03";"6";"06";"0";"0";"97";"";"";"Permanente"
"202112";"1";"COLÔMBIA";"AMÉRICA DO SUL";"43";"431490";"717020";"5223100";"H";"101";"1";"02";"1441";"06";"1";"05";"0";"0";"97";"";"";"Sem informação"
"202112";"-1";"HAITI";"AMÉRICA CENTRAL E CARIBE";"43";"431720";"784205";"1012103";"C";"101";"1";"01";"1634.01";"04";"1";"06";"0";"0";"31";"";"";"Sem informação"
"202112";"-1";"VENEZUELA";"AMÉRICA DO SUL";"50";"500270";"513505";"5611201";"I";"101";"3";"04";"1218";"06";"1";"06";"0";"0";"40";"";"";"Temporário"
"202112";"1";"VENEZUELA";"AMÉRICA DO SUL";"50";"500370";"717020";"4213800";"F";"101";"1";"02";"1300";"04";"6";"06";"0";"0";"97";"";"";"Refugiado/solicitante de refúgio"
"202112";"-1";"HAITI";"AMÉRICA CENTRAL E CARIBE";"52";"520110";"411010";"4120400";"F";"101";"3";"06";"1118.31";"04";"2";"06";"0";"0";"31";"";"";"Sem informação"
"202112";"1";"HAITI";"AMÉRICA CENTRAL E CARIBE";"52";"520870";"782220";"4930202";"H";"101";"1";"04";"1366.94";"04";"1";"07";"0";"0";"97";"";"";"Permanente"
"202112";"-1";"SÍRIA";"ÁSIA";"53";"530010";"411010";"9430800";"S";"101";"1";"05";"1808.87";"03";"3";"05";"0";"0";"31";"";"";"Permanente"
"202201";"-1";"ARGENTINA";"AMÉRICA DO SUL";"15";"150140";"123115";"6462000";"K";"101";"1";"06";"62202";"06";"3";"06";"0";"0";"31";"";"";"Sem informação"
"202201";"-1";"VENEZUELA";"AMÉRICA DO SUL";"15";"150360";"514320";"724301";"B";"101";"1";"04";"1100";"02";"6";"06";"0";"0";"31";"5";"1100";"Refugiado/solicitante de refúgio"
"202201";"-1";"ITÁLIA";"EUROPA";"27";"270430";"141110";"1821100";"C";"101";"3";"04";"1212";"07";"1";"06";"0";"0";"31";"";"";"Sem informação"
"202201";"-1";"REPÚBLICA DOMINICANA";"AMÉRICA CENTRAL E CARIBE";"31";"317010";"513505";"5611201";"I";"101";"3";"04";"1320";"03";"2";"06";"0";"0";"40";"";"";"Sem informação"
"202201";"1";"VENEZUELA";"AMÉRICA DO SUL";"35";"350850";"514320";"4292801";"F";"101";"3";"04";"1668.89";"06";"1";"06";"0";"0";"97";"";"";"Sem informação"
"202201";"-1";"ESTADOS UNIDOS";"AMÉRICA DO NORTE";"41";"412220";"725010";"2829199";"C";"101";"1";"05";"2257.2";"03";"1";"06";"0";"0";"40";"1";"10.26";"Sem informação"
"202201";"-1";"ARGENTINA";"AMÉRICA DO SUL";"42";"999999";"513405";"5611201";"I";"101";"3";"04";"1581.9";"03";"1";"06";"0";"0";"40";"";"";"Permanente"
"202201";"-1";"NATURALIDADE BRASILEIRA";"NATURALIDADE BRASILEIRA";"33";"999999";"513205";"5611201";"I";"101";"1";"04";"2101.2";"06";"1";"06";"0";"0";"43";"";"";"Permanente"
"202201";"-1";"COLÔMBIA";"AMÉRICA DO SUL";"52";"999999";"513405";"8211300";"N";"101";"1";"04";"1189";"04";"1";"06";"0";"0";"31";"";"";"Permanente"
"202201";"1";"ESTADOS UNIDOS";"AMÉRICA DO NORTE";"33";"999999";"377105";"9312300";"R";"105";"1";"02";"48000";"04";"1";"01";"9";"0";"97";"";"";"Sem informação"
"202201";"-1";"HAITI";"AMÉRICA CENTRAL E CARIBE";"51";"999999";"514320";"8112500";"N";"101";"3";"04";"1242";"04";"6";"06";"0";"0";"31";"";"";"Permanente"
"202201";"-1";"HAITI";"AMÉRICA CENTRAL E CARIBE";"42";"999999";"712205";"4744099";"G";"101";"1";"04";"1727";"05";"6";"06";"0";"0";"31";"";"";"Permanente"
"202201";"1";"HAITI";"AMÉRICA CENTRAL E CARIBE";"43";"999999";"521125";"4711302";"G";"101";"1";"02";"1523.65";"02";"6";"06";"0";"0";"97";"";"";"Permanente"
"202201";"1";"VENEZUELA";"AMÉRICA DO SUL";"14";"999999";"782515";"4313400";"F";"101";"1";"04";"1907";"05";"6";"06";"0";"0";"97";"";"";"Sem informação"
"202201";"1";"BOLÍVIA";"AMÉRICA DO SUL";"35";"999999";"763210";"1412602";"C";"101";"1";"04";"1776";"04";"3";"06";"0";"0";"97";"";"";"Sem informação"
"202201";"1";"VENEZUELA";"AMÉRICA DO SUL";"51";"999999";"521110";"5611203";"I";"101";"3";"04";"2000";"04";"6";"06";"0";"0";"97";"";"";"Sem informação"
"202201";"-1";"VENEZUELA";"AMÉRICA DO SUL";"42";"999999";"514320";"4744099";"G";"101";"1";"04";"1470";"02";"1";"06";"0";"0";"31";"";"";"Sem informação"
"202201";"-1";"VENEZUELA";"AMÉRICA DO SUL";"11";"999999";"513610";"5620104";"I";"101";"3";"04";"1277.58";"02";"6";"06";"0";"0";"32";"";"";"Sem informação"
"202201";"-1";"VENEZUELA";"AMÉRICA DO SUL";"13";"999999";"811820";"2541100";"C";"101";"3";"04";"2119.78";"03";"6";"06";"0";"0";"31";"";"";"Refugiado/solicitante de refúgio"
"202201";"1";"ESPANHA";"EUROPA";"35";"999999";"141305";"4299599";"F";"101";"1";"06";"25715";"05";"1";"06";"0";"0";"97";"";"";"Sem informação"
"202201";"1";"HAITI";"AMÉRICA CENTRAL E CARIBE";"35";"999999";"513205";"8593700";"P";"101";"3";"04";"1500";"05";"2";"05";"0";"0";"97";"";"";"Sem informação"
"202201";"-1";"HAITI";"AMÉRICA CENTRAL E CARIBE";"51";"999999";"715545";"2532201";"C";"101";"1";"04";"1356.76";"02";"3";"06";"0";"0";"31";"";"";"Refugiado/solicitante de refúgio"
"202201";"-1";"VENEZUELA";"AMÉRICA DO SUL";"42";"999999";"717020";"4120400";"F";"101";"1";"04";"1800";"03";"6";"06";"0";"0";"40";"";"";"Temporário"
"202201";"1";"VENEZUELA";"AMÉRICA DO SUL";"14";"999999";"782305";"4313400";"F";"101";"1";"01";"2000";"06";"6";"06";"0";"0";"97";"";"";"Refugiado/solicitante de refúgio"
"202201";"1";"VENEZUELA";"AMÉRICA DO SUL";"41";"999999";"717020";"4744005";"G";"101";"1";"04";"1577.4";"05";"6";"06";"0";"0";"97";"";"";"Sem informação"
"202201";"-1";"NATURALIDADE BRASILEIRA";"NATURALIDADE BRASILEIRA";"51";"999999";"717020";"4120400";"F";"101";"1";"03";"1212";"02";"3";"06";"0";"0";"31";"";"";"Temporário"
"202201";"-1";"NATURALIDADE BRASILEIRA";"NATURALIDADE BRASILEIRA";"31";"999999";"517410";"8299799";"N";"101";"1";"04";"1452.02";"05";"3";"06";"0";"0";"31";"";"";"Sem informação"
"202201";"-1";"VENEZUELA";"AMÉRICA DO SUL";"14";"999999";"514320";"4771701";"G";"101";"1";"04";"1212";"05";"6";"06";"0";"0";"31";"5";"1212";"Permanente"
"202201";"-1";"VENEZUELA";"AMÉRICA DO SUL";"14";"999999";"717020";"4120400";"F";"101";"1";"04";"1212";"04";"6";"06";"0";"0";"31";"5";"1212";"Refugiado/solicitante de refúgio"
"202201";"-1";"VENEZUELA";"AMÉRICA DO SUL";"13";"999999";"411005";"8712300";"Q";"101";"3";"04";"1045";"04";"3";"06";"0";"0";"31";"5";"1045";"Refugiado/solicitante de refúgio"
"202201";"-1";"NATURALIDADE BRASILEIRA";"NATURALIDADE BRASILEIRA";"15";"999999";"725705";"4322302";"F";"101";"1";"05";"1400";"05";"3";"06";"0";"0";"31";"5";"1400";"Sem informação"
"202202";"-1";"ESPANHA";"EUROPA";"31";"310620";"212215";"6201501";"J";"101";"1";"06";"19600.88";"05";"6";"06";"0";"0";"40";"";"";"Temporário"
"202202";"1";"ARÁBIA SAUDITA";"ÁSIA";"31";"312230";"513505";"1096100";"C";"101";"1";"04";"1200";"06";"6";"06";"0";"0";"97";"";"";"Sem informação"
"202202";"1";"NATURALIDADE BRASILEIRA";"NATURALIDADE BRASILEIRA";"35";"352710";"715110";"4211101";"F";"101";"1";"02";"1918.4";"04";"2";"06";"0";"0";"97";"";"";"Permanente"
"202202";"1";"LÍBANO";"ÁSIA";"35";"352840";"354125";"4672900";"G";"101";"1";"04";"1295.5";"05";"1";"06";"0";"0";"97";"";"";"Sem informação"
"202202";"1";"NATURALIDADE BRASILEIRA";"NATURALIDADE BRASILEIRA";"35";"355280";"724110";"4120400";"F";"101";"1";"04";"2010.65";"04";"6";"06";"0";"0";"97";"";"";"Sem informação"
"202202";"-1";"ARÁBIA SAUDITA";"ÁSIA";"52";"520870";"322205";"8660700";"Q";"101";"3";"04";"2200";"05";"6";"06";"0";"0";"43";"5";"2200";"Sem informação"
"202202";"1";"HOLANDA";"EUROPA";"35";"999999";"422110";"8630504";"Q";"101";"3";"06";"2500";"04";"1";"06";"0";"0";"97";"";"";"Sem informação"
"202202";"-1";"HAITI";"AMÉRICA CENTRAL E CARIBE";"41";"999999";"414140";"4530704";"G";"101";"1";"03";"2197.52";"03";"6";"06";"0";"0";"31";"";"";"Sem informação"
"202202";"1";"HAITI";"AMÉRICA CENTRAL E CARIBE";"35";"999999";"783210";"4693100";"G";"101";"1";"04";"1669.7";"03";"6";"06";"0";"0";"97";"";"";"Refugiado/solicitante de refúgio"
"202202";"1";"VENEZUELA";"AMÉRICA DO SUL";"50";"999999";"717020";"4222701";"F";"101";"1";"04";"1315.6";"03";"6";"06";"0";"0";"97";"";"";"Sem informação"
"202202";"-1";"NATURALIDADE BRASILEIRA";"NATURALIDADE BRASILEIRA";"41";"999999";"142105";"6462000";"K";"101";"1";"06";"14106.84";"04";"1";"05";"0";"0";"40";"";"";"Sem informação"
"202202";"-1";"NATURALIDADE BRASILEIRA";"NATURALIDADE BRASILEIRA";"35";"999999";"521125";"7830200";"N";"101";"1";"04";"1387.33";"03";"1";"06";"0";"0";"32";"";"";"Sem informação"
"202202";"-1";"VENEZUELA";"AMÉRICA DO SUL";"51";"999999";"724410";"4292801";"F";"101";"1";"04";"3000";"06";"6";"06";"0";"0";"43";"";"";"Sem informação"
"202202";"1";"VENEZUELA";"AMÉRICA DO SUL";"43";"999999";"717020";"4399103";"F";"101";"1";"02";"1441";"02";"1";"06";"0";"0";"97";"";"";"Refugiado/solicitante de refúgio"
"202202";"1";"ARGENTINA";"AMÉRICA DO SUL";"43";"999999";"622020";"121101";"A";"101";"1";"02";"1306";"02";"3";"06";"0";"0";"97";"";"";"Sem informação"
"202202";"1";"ARGENTINA";"AMÉRICA DO SUL";"43";"999999";"622020";"121101";"A";"101";"1";"02";"1306";"03";"3";"06";"0";"0";"97";"";"";"Sem informação"
"202202";"1";"NATURALIDADE BRASILEIRA";"NATURALIDADE BRASILEIRA";"52";"999999";"732120";"3811400";"E";"101";"1";"04";"1939.44";"04";"6";"06";"0";"0";"97";"";"";"Permanente"
"202202";"1";"HAITI";"AMÉRICA CENTRAL E CARIBE";"42";"999999";"142335";"7911200";"N";"101";"1";"04";"1931.6";"04";"6";"06";"0";"0";"97";"";"";"Permanente"
"202202";"1";"ARGENTINA";"AMÉRICA DO SUL";"43";"999999";"622020";"121101";"A";"102";"1";"01";"1306";"02";"1";"06";"0";"0";"97";"";"";"Sem informação"
"202202";"1";"ARGENTINA";"AMÉRICA DO SUL";"43";"999999";"622020";"121101";"A";"102";"1";"02";"1306";"06";"1";"06";"0";"0";"97";"";"";"Sem informação"
"202202";"1";"ARGENTINA";"AMÉRICA DO SUL";"43";"999999";"622020";"121101";"A";"102";"3";"01";"1306";"03";"1";"06";"0";"0";"97";"";"";"Sem informação"
"202202";"1";"ARGENTINA";"AMÉRICA DO SUL";"43";"999999";"622020";"121101";"A";"102";"1";"02";"1306";"02";"1";"06";"0";"0";"97";"";"";"Sem informação"
"202202";"1";"ARGENTINA";"AMÉRICA DO SUL";"43";"999999";"622020";"121101";"A";"102";"1";"02";"1306";"02";"1";"06";"0";"0";"97";"";"";"Sem informação"
"202202";"1";"ARGENTINA";"AMÉRICA DO SUL";"43";"999999";"622020";"121101";"A";"102";"1";"01";"1306";"02";"1";"06";"0";"0";"97";"";"";"Sem informação"
"202202";"1";"ARGENTINA";"AMÉRICA DO SUL";"43";"999999";"622020";"121101";"A";"102";"1";"02";"1306";"02";"1";"06";"0";"0";"97";"";"";"Sem informação"
"202202";"1";"ARGENTINA";"AMÉRICA DO SUL";"43";"999999";"622020";"121101";"A";"102";"1";"01";"1306";"02";"1";"06";"0";"0";"97";"";"";"Sem informação"
"202202";"-1";"VENEZUELA";"AMÉRICA DO SUL";"13";"999999";"724440";"4330499";"F";"101";"1";"04";"2749.89";"05";"3";"06";"0";"0";"43";"5";"2749.89";"Sem informação"
"202202";"-1";"VENEZUELA";"AMÉRICA DO SUL";"13";"999999";"724440";"4330499";"F";"101";"1";"04";"2749.89";"04";"3";"06";"0";"0";"43";"5";"2749.89";"Temporário"
"202202";"-1";"VENEZUELA";"AMÉRICA DO SUL";"13";"999999";"724440";"4330499";"F";"101";"1";"04";"2749.89";"03";"6";"06";"0";"0";"43";"5";"2749.89";"Refugiado/solicitante de refúgio"
"202202";"1";"HAITI";"AMÉRICA CENTRAL E CARIBE";"42";"999999";"513505";"5611201";"I";"101";"3";"04";"1467";"03";"2";"06";"0";"0";"97";"5";"1467";"Sem informação"
"202202";"1";"VENEZUELA";"AMÉRICA DO SUL";"13";"999999";"513505";"5620104";"I";"101";"1";"04";"1212";"03";"3";"06";"0";"0";"97";"5";"1212";"Sem informação"
"202202";"1";"NATURALIDADE BRASILEIRA";"NATURALIDADE BRASILEIRA";"35";"999999";"391115";"7830200";"N";"106";"1";"04";"1607.97";"06";"2";"05";"0";"0";"97";"5";"1607.97";"Sem informação"
"202202";"-1";"HAITI";"AMÉRICA CENTRAL E CARIBE";"42";"999999";"784205";"2539001";"C";"101";"1";"01";"1477";"04";"2";"06";"0";"0";"31";"5";"1477";"Permanente"
"202202";"-1";"VENEZUELA";"AMÉRICA DO SUL";"13";"999999";"513435";"5611203";"I";"101";"3";"04";"1272.45";"04";"3";"06";"0";"0";"40";"5";"1272.45";"Temporário"
"202202";"-1";"VENEZUELA";"AMÉRICA DO SUL";"13";"999999";"513435";"5611203";"I";"101";"1";"04";"1272.45";"04";"3";"06";"0";"0";"40";"5";"1272.45";"Temporário"
"202203";"-1";"ARGENTINA";"AMÉRICA DO SUL";"35";"352440";"214405";"2550101";"C";"101";"1";"06";"12107.88";"06";"1";"06";"0";"0";"31";"";"";"Sem informação"
"202203";"-1";"EGITO";"ÁFRICA";"35";"352440";"261420";"2550101";"C";"101";"1";"06";"7138";"04";"3";"06";"0";"0";"31";"";"";"Permanente"
"202203";"-1";"MARROCOS";"ÁFRICA";"35";"352440";"261420";"2550101";"C";"101";"1";"06";"7138";"04";"3";"06";"0";"0";"31";"";"";"Permanente"
"202203";"-1";"NATURALIDADE BRASILEIRA";"NATURALIDADE BRASILEIRA";"35";"352720";"391210";"2550101";"C";"101";"1";"06";"13743.03";"07";"1";"06";"0";"0";"31";"";"";"Sem informação"
"202203";"-1";"COLÔMBIA";"AMÉRICA DO SUL";"35";"354850";"781705";"7490102";"M";"101";"1";"04";"1554.45";"05";"6";"06";"0";"0";"31";"5";"1554.45";"Permanente"
"202203";"1";"CORÉIA DO NORTE";"ÁSIA";"35";"355030";"760310";"1412601";"C";"101";"1";"04";"2800";"05";"1";"06";"0";"0";"97";"";"";"Sem informação"
"202203";"-1";"NATURALIDADE BRASILEIRA";"NATURALIDADE BRASILEIRA";"42";"421670";"763320";"1412601";"C";"101";"3";"04";"1510";"02";"1";"06";"0";"0";"40";"5";"1510";"Sem informação"
"202203";"1";"NATURALIDADE BRASILEIRA";"NATURALIDADE BRASILEIRA";"43";"999999";"212405";"6201501";"J";"101";"1";"06";"9000";"05";"1";"06";"0";"0";"97";"";"";"Sem informação"
"202203";"1";"HAITI";"AMÉRICA CENTRAL E CARIBE";"35";"999999";"414110";"4712100";"G";"101";"1";"04";"1639";"05";"6";"06";"0";"0";"97";"";"";"Sem informação"
"202203";"1";"HAITI";"AMÉRICA CENTRAL E CARIBE";"41";"999999";"514320";"4721104";"G";"101";"3";"04";"1529";"04";"2";"06";"0";"0";"97";"";"";"Sem informação"
"202203";"1";"HAITI";"AMÉRICA CENTRAL E CARIBE";"42";"999999";"519210";"8299799";"N";"101";"1";"04";"1423.38";"04";"6";"06";"0";"0";"97";"";"";"Permanente"
"202203";"-1";"NATURALIDADE BRASILEIRA";"NATURALIDADE BRASILEIRA";"35";"999999";"318610";"2550101";"C";"101";"1";"05";"8162.99";"03";"4";"06";"0";"0";"31";"";"";"Sem informação"
"202203";"-1";"PORTUGAL";"EUROPA";"42";"999999";"716510";"4120400";"F";"101";"3";"04";"10000";"01";"6";"06";"0";"0";"31";"";"";"Sem informação"
"202203";"1";"URUGUAI";"AMÉRICA DO SUL";"42";"999999";"513605";"5611201";"I";"101";"1";"04";"1700";"05";"6";"06";"0";"0";"97";"";"";"Sem informação"
"202203";"1";"HAITI";"AMÉRICA CENTRAL E CARIBE";"42";"999999";"784205";"2451200";"C";"101";"1";"06";"2300";"05";"1";"06";"0";"0";"97";"";"";"Sem informação"
"202203";"-1";"VENEZUELA";"AMÉRICA DO SUL";"13";"999999";"513205";"5611201";"I";"101";"1";"04";"1212";"03";"2";"06";"0";"0";"40";"";"";"Sem informação"
"202203";"1";"VENEZUELA";"AMÉRICA DO SUL";"42";"999999";"783225";"4930202";"H";"101";"1";"04";"1312.28";"04";"3";"06";"0";"0";"97";"";"";"Refugiado/solicitante de refúgio"
"202203";"-1";"ARGENTINA";"AMÉRICA DO SUL";"33";"999999";"422105";"5611201";"I";"101";"1";"04";"1434";"04";"6";"06";"0";"0";"40";"5";"1434";"Permanente"
"202203";"-1";"VENEZUELA";"AMÉRICA DO SUL";"13";"999999";"514320";"8513900";"P";"101";"3";"02";"1212";"05";"6";"06";"0";"0";"32";"5";"1212";"Refugiado/solicitante de refúgio"
"202203";"-1";"VENEZUELA";"AMÉRICA DO SUL";"13";"999999";"848315";"4721104";"G";"101";"1";"04";"1212";"04";"1";"06";"0";"0";"31";"5";"1212";"Sem informação"
"202203";"1";"NATURALIDADE BRASILEIRA";"NATURALIDADE BRASILEIRA";"42";"999999";"234415";"8533300";"P";"111";"1";"06";"15400";"06";"1";"06";"0";"1";"97";"1";"70";"Sem informação"
"202203";"-1";"VENEZUELA";"AMÉRICA DO SUL";"14";"999999";"717020";"4930202";"H";"101";"1";"03";"1212.2";"05";"3";"06";"0";"0";"31";"1";"5.51";"Sem informação"
"202203";"-1";"VENEZUELA";"AMÉRICA DO SUL";"14";"999999";"717020";"4120400";"F";"101";"1";"01";"2017.22";"06";"3";"06";"0";"0";"31";"5";"2017.22";"Temporário"
"202203";"1";"BOLÍVIA";"AMÉRICA DO SUL";"11";"999999";"351430";"6911701";"M";"101";"1";"06";"1212";"05";"6";"06";"0";"0";"97";"5";"1212";"Sem informação"
"202203";"-1";"HAITI";"AMÉRICA CENTRAL E CARIBE";"51";"999999";"716105";"4120400";"F";"101";"1";"04";"2218.73";"05";"6";"06";"0";"0";"31";"5";"2218.73";"Sem informação"
"202203";"-1";"HAITI";"AMÉRICA CENTRAL E CARIBE";"52";"999999";"517115";"9321200";"R";"101";"1";"04";"1212";"04";"3";"06";"0";"0";"31";"5";"1212";"Permanente"
"202203";"-1";"PARAGUAI";"AMÉRICA DO SUL";"35";"999999";"731325";"8211300";"N";"101";"1";"04";"1212";"02";"6";"06";"0";"0";"31";"5";"1212";"Sem informação"
"202203";"-1";"VENEZUELA";"AMÉRICA DO SUL";"51";"999999";"715210";"4120400";"F";"101";"1";"04";"1766.6";"05";"6";"06";"0";"0";"40";"5";"1766.6";"Refugiado/solicitante de refúgio"
"202204";"-1";"EGITO";"ÁFRICA";"33";"330010";"630105";"311601";"A";"101";"1";"01";"1587.32";"07";"1";"06";"0";"0";"31";"5";"1587.32";"Permanente"
"202204";"-1";"VENEZUELA";"AMÉRICA DO SUL";"13";"999999";"515110";"4322302";"F";"101";"1";"04";"1331.87";"04";"3";"07";"0";"0";"40";"5";"1331.87";"Refugiado/solicitante de refúgio"
"202204";"-1";"NATURALIDADE BRASILEIRA";"NATURALIDADE BRASILEIRA";"13";"999999";"515110";"4322302";"F";"101";"1";"04";"1189.7";"04";"3";"07";"0";"0";"40";"5";"1189.7";"Refugiado/solicitante de refúgio"
"202204";"-1";"VENEZUELA";"AMÉRICA DO SUL";"13";"999999";"515110";"4322302";"F";"101";"1";"04";"1189.7";"04";"3";"07";"0";"0";"40";"5";"1189.7";"Sem informação"
"202204";"-1";"HAITI";"AMÉRICA CENTRAL E CARIBE";"35";"999999";"521125";"4789099";"G";"101";"1";"02";"1346.15";"04";"2";"06";"0";"0";"32";"5";"1346.15";"Sem informação"
"202204";"-1";"HAITI";"AMÉRICA CENTRAL E CARIBE";"42";"999999";"514320";"8011101";"N";"101";"3";"03";"1202.47";"03";"2";"05";"0";"0";"31";"5";"1202.47";"Permanente"
"202204";"1";"NATURALIDADE BRASILEIRA";"NATURALIDADE BRASILEIRA";"33";"999999";"514205";"8129000";"N";"101";"1";"04";"1308.8";"02";"3";"06";"0";"0";"97";"5";"1308.8";"Sem informação"
"202204";"1";"PARAGUAI";"AMÉRICA DO SUL";"41";"999999";"631325";"322101";"A";"101";"1";"01";"1818";"04";"1";"06";"0";"0";"97";"5";"1818";"Sem informação"
"202204";"1";"HAITI";"AMÉRICA CENTRAL E CARIBE";"35";"999999";"716610";"4330404";"F";"101";"1";"04";"1752.8";"04";"6";"06";"0";"0";"97";"5";"1752.8";"Sem informação"
"202204";"1";"NATURALIDADE BRASILEIRA";"NATURALIDADE BRASILEIRA";"35";"999999";"422105";"8630503";"Q";"101";"1";"04";"1351.54";"02";"6";"06";"0";"0";"97";"5";"1351.54";"Sem informação"
"202204";"1";"NATURALIDADE BRASILEIRA";"NATURALIDADE BRASILEIRA";"53";"999999";"848305";"4712100";"G";"101";"1";"04";"1600";"04";"3";"06";"0";"0";"97";"5";"1600";"Sem informação"
"202204";"1";"NATURALIDADE BRASILEIRA";"NATURALIDADE BRASILEIRA";"42";"999999";"414140";"5212500";"H";"111";"1";"02";"2250";"03";"6";"05";"0";"1";"97";"2";"75";"Permanente"
"202204";"-1";"VENEZUELA";"AMÉRICA DO SUL";"42";"999999";"514320";"8011101";"N";"101";"1";"04";"1222.93";"03";"6";"06";"0";"0";"32";"5";"1222.93";"Sem informação"
"202205";"1";"MÉXICO";"AMÉRICA DO NORTE";"35";"352500";"121010";"2099199";"C";"101";"1";"07";"52513.12";"05";"1";"06";"0";"0";"97";"5";"52513.12";"Sem informação"
"202205";"-1";"ARÁBIA SAUDITA";"ÁSIA";"35";"352680";"782220";"5212500";"H";"101";"1";"04";"1804.56";"04";"1";"06";"0";"0";"31";"5";"1804.56";"Sem informação"
"202205";"1";"EGITO";"ÁFRICA";"41";"411460";"717020";"4110700";"F";"101";"1";"04";"1496";"04";"6";"06";"0";"0";"97";"5";"1496";"Sem informação"
"202205";"-1";"PARAGUAI";"AMÉRICA DO SUL";"52";"520870";"848510";"4712100";"G";"101";"1";"04";"2314.84";"04";"3";"07";"0";"0";"31";"5";"2314.84";"Permanente"
"202205";"-1";"ARGENTINA";"AMÉRICA DO SUL";"35";"999999";"142315";"8211300";"N";"101";"3";"06";"38740.33";"05";"3";"06";"9";"0";"31";"5";"38740.33";"Sem informação"
"202205";"-1";"HAITI";"AMÉRICA CENTRAL E CARIBE";"42";"999999";"715210";"4120400";"F";"101";"1";"03";"3249";"05";"1";"06";"0";"0";"32";"5";"3249";"Permanente"
"202205";"-1";"HAITI";"AMÉRICA CENTRAL E CARIBE";"33";"999999";"715210";"7820500";"N";"106";"1";"04";"2030.19";"05";"1";"07";"0";"0";"43";"5";"2030.19";"Sem informação"
"202205";"-1";"VENEZUELA";"AMÉRICA DO SUL";"42";"999999";"784205";"2091600";"C";"101";"1";"04";"1704.63";"04";"3";"06";"0";"0";"31";"5";"1704.63";"Sem informação"
"202205";"-1";"VENEZUELA";"AMÉRICA DO SUL";"31";"999999";"513435";"5611203";"I";"101";"3";"04";"1359";"05";"1";"06";"0";"0";"43";"5";"1359";"Sem informação"
"202205";"1";"VENEZUELA";"AMÉRICA DO SUL";"31";"999999";"513435";"5611203";"I";"101";"3";"04";"1359";"05";"1";"06";"0";"0";"97";"5";"1359";"Sem informação"
"202205";"-1";"VENEZUELA";"AMÉRICA DO SUL";"14";"999999";"622105";"111301";"A";"101";"1";"03";"2424";"02";"3";"06";"0";"0";"31";"5";"2424";"Sem informação"
"202205";"1";"VENEZUELA";"AMÉRICA DO SUL";"13";"999999";"513505";"5611203";"I";"101";"3";"04";"1212";"04";"6";"06";"0";"0";"97";"5";"1212";"Refugiado/solicitante de refúgio"
"202205";"-1";"ESTADOS UNIDOS";"AMÉRICA DO NORTE";"33";"999999";"142105";"600001";"B";"101";"1";"06";"65649.07";"06";"6";"05";"0";"0";"31";"5";"65649.07";"Temporário"
"202205";"-1";"PORTUGAL";"EUROPA";"43";"999999";"413110";"4110700";"F";"101";"1";"06";"1212";"06";"6";"05";"0";"0";"31";"5";"1212";"Temporário"
"202205";"-1";"VENEZUELA";"AMÉRICA DO SUL";"13";"999999";"521110";"4781400";"G";"101";"3";"04";"1212";"03";"3";"06";"0";"0";"32";"5";"1212";"Sem informação"
"202205";"-1";"HAITI";"AMÉRICA CENTRAL E CARIBE";"42";"999999";"514320";"8011101";"N";"101";"3";"02";"1322.72";"04";"1";"06";"0";"0";"31";"5";"1322.72";"Permanente"
"202205";"-1";"HAITI";"AMÉRICA CENTRAL E CARIBE";"42";"999999";"514320";"8011101";"N";"101";"3";"04";"1111.75";"03";"6";"05";"0";"0";"31";"5";"1111.75";"Sem informação"
"202206";"-1";"RÚSSIA";"EUROPA";"33";"330455";"252405";"7810800";"N";"101";"3";"06";"13512.85";"04";"1";"07";"0";"0";"31";"5";"13512.85";"Sem informação"
"202206";"1";"NATURALIDADE BRASILEIRA";"NATURALIDADE BRASILEIRA";"35";"350460";"763210";"1412603";"C";"101";"1";"03";"1588";"02";"3";"06";"0";"0";"97";"5";"1588";"Sem informação"
"202206";"1";"NATURALIDADE BRASILEIRA";"NATURALIDADE BRASILEIRA";"35";"350460";"763210";"1412603";"C";"101";"1";"03";"1588";"04";"3";"06";"0";"0";"97";"5";"1588";"Sem informação"
"202206";"1";"HAITI";"AMÉRICA CENTRAL E CARIBE";"35";"352520";"784205";"3101200";"C";"101";"3";"04";"1667";"04";"6";"06";"0";"0";"97";"5";"1667";"Permanente"
"202206";"-1";"VENEZUELA";"AMÉRICA DO SUL";"11";"999999";"142105";"111301";"A";"101";"1";"04";"1235";"05";"6";"06";"0";"0";"31";"5";"1235";"Sem informação"
"202206";"-1";"VENEZUELA";"AMÉRICA DO SUL";"52";"999999";"514325";"3102100";"C";"101";"1";"04";"1454.4";"02";"3";"06";"0";"0";"31";"5";"1454.4";"Sem informação"
"202206";"-1";"VENEZUELA";"AMÉRICA DO SUL";"35";"999999";"513435";"4721102";"G";"101";"1";"04";"1266.9";"02";"1";"06";"0";"0";"40";"5";"1266.9";"Sem informação"
"202206";"-1";"VENEZUELA";"AMÉRICA DO SUL";"42";"999999";"514320";"8020002";"N";"101";"3";"06";"1322.72";"05";"3";"06";"0";"0";"31";"5";"1322.72";"Sem informação"
"202206";"1";"PARAGUAI";"AMÉRICA DO SUL";"41";"999999";"223505";"8630503";"Q";"101";"3";"06";"1205.05";"02";"6";"04";"0";"0";"97";"5";"1205.05";"Sem informação"
"202206";"-1";"VENEZUELA";"AMÉRICA DO SUL";"13";"999999";"783210";"4639701";"G";"101";"1";"04";"1255";"03";"3";"06";"0";"0";"31";"5";"1255";"Sem informação"
"202207";"1";"CUBA";"AMÉRICA CENTRAL E CARIBE";"17";"171820";"848505";"1011201";"C";"101";"1";"04";"1527.77";"06";"6";"06";"0";"0";"97";"5";"1527.77";"Sem informação"
"202207";"-1";"ARGENTINA";"AMÉRICA DO SUL";"24";"999999";"513405";"5611201";"I";"101";"3";"04";"1212";"03";"3";"06";"0";"0";"31";"5";"1212";"Sem informação"
"202207";"-1";"ARGENTINA";"AMÉRICA DO SUL";"24";"999999";"513205";"5611201";"I";"101";"1";"04";"1212";"04";"3";"06";"0";"0";"31";"5";"1212";"Sem informação"
"202207";"-1";"BOLÍVIA";"AMÉRICA DO SUL";"35";"999999";"521140";"4721102";"G";"101";"3";"04";"1666.31";"03";"3";"06";"0";"0";"31";"5";"1666.31";"Sem informação"
"202207";"-1";"ITÁLIA";"EUROPA";"31";"999999";"391210";"2949299";"C";"101";"1";"04";"9774.6";"05";"3";"06";"0";"0";"31";"1";"44.43";"Sem informação"
"202207";"-1";"HAITI";"AMÉRICA CENTRAL E CARIBE";"33";"999999";"717020";"7820500";"N";"106";"1";"02";"2232.8";"04";"6";"07";"0";"0";"43";"5";"2232.8";"Permanente"
"202207";"-1";"HAITI";"AMÉRICA CENTRAL E CARIBE";"33";"999999";"717020";"7820500";"N";"106";"1";"04";"1835.45";"06";"2";"07";"0";"0";"43";"5";"1835.45";"Temporário"
"202207";"-1";"HAITI";"AMÉRICA CENTRAL E CARIBE";"33";"999999";"717020";"7820500";"N";"106";"1";"04";"1835.45";"06";"6";"07";"0";"0";"43";"5";"1835.45";"Sem informação"
"202207";"1";"HAITI";"AMÉRICA CENTRAL E CARIBE";"41";"999999";"954205";"9521500";"S";"101";"1";"06";"1825";"06";"2";"06";"0";"0";"97";"5";"1825";"Sem informação"
"202207";"1";"HAITI";"AMÉRICA CENTRAL E CARIBE";"50";"999999";"514225";"6463800";"K";"101";"1";"04";"1602.93";"04";"2";"06";"0";"0";"97";"5";"1602.93";"Permanente"
"202207";"-1";"VENEZUELA";"AMÉRICA DO SUL";"13";"999999";"992225";"8129000";"N";"101";"1";"01";"1329.6";"05";"3";"06";"0";"0";"40";"5";"1329.6";"Temporário"
